{
  "project_info": {
    "project_number": "544153952934",
    "project_id": "machine-learning-34ad0",
    "storage_bucket": "machine-learning-34ad0.appspot.com"
  },
  "client": [
    {
      "client_info": {
        "mobilesdk_app_id": "1:544153952934:android:d61d777aa5d3beb06e0a67",
        "android_client_info": {
          "package_name": "com.cofa_admin"
        }
      },
      "oauth_client": [
        {
          "client_id": "544153952934-k9abhu7d0gfhsvtgngdogfnvufjvao5r.apps.googleusercontent.com",
          "client_type": 3
        }
      ],
      "api_key": [
        {
          "current_key": "AIzaSyACPouEPM2cU5peRlmWbrzUQzbwV-eWCuA"
        }
      ],
      "services": {
        "appinvite_service": {
          "other_platform_oauth_client": [
            {
              "client_id": "544153952934-k9abhu7d0gfhsvtgngdogfnvufjvao5r.apps.googleusercontent.com",
              "client_type": 3
            }
          ]
        }
      }
    },
    {
      "client_info": {
        "mobilesdk_app_id": "1:544153952934:android:0d3c47df049cf7436e0a67",
        "android_client_info": {
          "package_name": "com.cofaadmin"
        }
      },
      "oauth_client": [
        {
          "client_id": "544153952934-k9abhu7d0gfhsvtgngdogfnvufjvao5r.apps.googleusercontent.com",
          "client_type": 3
        }
      ],
      "api_key": [
        {
          "current_key": "AIzaSyACPouEPM2cU5peRlmWbrzUQzbwV-eWCuA"
        }
      ],
      "services": {
        "appinvite_service": {
          "other_platform_oauth_client": [
            {
              "client_id": "544153952934-k9abhu7d0gfhsvtgngdogfnvufjvao5r.apps.googleusercontent.com",
              "client_type": 3
            }
          ]
        }
      }
    }
  ],
  "configuration_version": "1"
}